{
  "lan": [
    {
      "id": "blekinge-lan",
      "namn": "Blekinge län",
      "kommuner": [
        {
          "id": "karlshamns-kommun",
          "namn": "Karlshamns kommun"
        },
        {
          "id": "karlskrona-kommun",
          "namn": "Karlskrona kommun"
        },
        {
          "id": "olofstroms-kommun",
          "namn": "Olofströms kommun"
        },
        {
          "id": "ronneby-kommun",
          "namn": "Ronneby kommun"
        },
        {
          "id": "solvesborgs-kommun",
          "namn": "Sölvesborgs kommun"
        }
      ]
    },
    {
      "id": "dalarnas-lan",
      "namn": "Dalarnas län",
      "kommuner": [
        {
          "id": "avesta-kommun",
          "namn": "Avesta kommun"
        },
        {
          "id": "borlange-kommun",
          "namn": "Borlänge kommun"
        },
        {
          "id": "falu-kommun",
          "namn": "Falu kommun"
        },
        {
          "id": "gagnefs-kommun",
          "namn": "Gagnefs kommun"
        },
        {
          "id": "hedemora-kommun",
          "namn": "Hedemora kommun"
        },
        {
          "id": "leksands-kommun",
          "namn": "Leksands kommun"
        },
        {
          "id": "ludvika-kommun",
          "namn": "Ludvika kommun"
        },
        {
          "id": "malung-salens-kommun",
          "namn": "Malung-Sälens kommun"
        },
        {
          "id": "mora-kommun",
          "namn": "Mora kommun"
        },
        {
          "id": "orsa-kommun",
          "namn": "Orsa kommun"
        },
        {
          "id": "rattviks-kommun",
          "namn": "Rättviks kommun"
        },
        {
          "id": "smedjebackens-kommun",
          "namn": "Smedjebackens kommun"
        },
        {
          "id": "saters-kommun",
          "namn": "Säters kommun"
        },
        {
          "id": "vansbro-kommun",
          "namn": "Vansbro kommun"
        },
        {
          "id": "alvdalens-kommun",
          "namn": "Älvdalens kommun"
        }
      ]
    },
    {
      "id": "gotlands-lan",
      "namn": "Gotlands län",
      "kommuner": [
        {
          "id": "gotlands-kommun",
          "namn": "Gotlands kommun"
        }
      ]
    },
    {
      "id": "gavleborgs-lan",
      "namn": "Gävleborgs län",
      "kommuner": [
        {
          "id": "bollnas-kommun",
          "namn": "Bollnäs kommun"
        },
        {
          "id": "gavle-kommun",
          "namn": "Gävle kommun"
        },
        {
          "id": "hofors-kommun",
          "namn": "Hofors kommun"
        },
        {
          "id": "hudiksvalls-kommun",
          "namn": "Hudiksvalls kommun"
        },
        {
          "id": "ljusdals-kommun",
          "namn": "Ljusdals kommun"
        },
        {
          "id": "nordanstigs-kommun",
          "namn": "Nordanstigs kommun"
        },
        {
          "id": "ockelbo-kommun",
          "namn": "Ockelbo kommun"
        },
        {
          "id": "ovanakers-kommun",
          "namn": "Ovanåkers kommun"
        },
        {
          "id": "sandvikens-kommun",
          "namn": "Sandvikens kommun"
        },
        {
          "id": "soderhamns-kommun",
          "namn": "Söderhamns kommun"
        }
      ]
    },
    {
      "id": "hallands-lan",
      "namn": "Hallands län",
      "kommuner": [
        {
          "id": "falkenbergs-kommun",
          "namn": "Falkenbergs kommun"
        },
        {
          "id": "halmstads-kommun",
          "namn": "Halmstads kommun"
        },
        {
          "id": "hylte-kommun",
          "namn": "Hylte kommun"
        },
        {
          "id": "kungsbacka-kommun",
          "namn": "Kungsbacka kommun"
        },
        {
          "id": "laholms-kommun",
          "namn": "Laholms kommun"
        },
        {
          "id": "varbergs-kommun",
          "namn": "Varbergs kommun"
        }
      ]
    },
    {
      "id": "jamtlands-lan",
      "namn": "Jämtlands län",
      "kommuner": [
        {
          "id": "bergs-kommun",
          "namn": "Bergs kommun"
        },
        {
          "id": "bracke-kommun",
          "namn": "Bräcke kommun"
        },
        {
          "id": "harjedalens-kommun",
          "namn": "Härjedalens kommun"
        },
        {
          "id": "krokoms-kommun",
          "namn": "Krokoms kommun"
        },
        {
          "id": "ragunda-kommun",
          "namn": "Ragunda kommun"
        },
        {
          "id": "stromsunds-kommun",
          "namn": "Strömsunds kommun"
        },
        {
          "id": "are-kommun",
          "namn": "Åre kommun"
        },
        {
          "id": "ostersunds-kommun",
          "namn": "Östersunds kommun"
        }
      ]
    },
    {
      "id": "jonkopings-lan",
      "namn": "Jönköpings län",
      "kommuner": [
        {
          "id": "aneby-kommun",
          "namn": "Aneby kommun"
        },
        {
          "id": "eksjo-kommun",
          "namn": "Eksjö kommun"
        },
        {
          "id": "gislaveds-kommun",
          "namn": "Gislaveds kommun"
        },
        {
          "id": "gnosjo-kommun",
          "namn": "Gnosjö kommun"
        },
        {
          "id": "habo-kommun",
          "namn": "Habo kommun"
        },
        {
          "id": "jonkopings-kommun",
          "namn": "Jönköpings kommun"
        },
        {
          "id": "mullsjo-kommun",
          "namn": "Mullsjö kommun"
        },
        {
          "id": "nassjo-kommun",
          "namn": "Nässjö kommun"
        },
        {
          "id": "savsjo-kommun",
          "namn": "Sävsjö kommun"
        },
        {
          "id": "tranas-kommun",
          "namn": "Tranås kommun"
        },
        {
          "id": "vaggeryds-kommun",
          "namn": "Vaggeryds kommun"
        },
        {
          "id": "vetlanda-kommun",
          "namn": "Vetlanda kommun"
        },
        {
          "id": "varnamo-kommun",
          "namn": "Värnamo kommun"
        }
      ]
    },
    {
      "id": "kalmar-lan",
      "namn": "Kalmar län",
      "kommuner": [
        {
          "id": "borgholms-kommun",
          "namn": "Borgholms kommun"
        },
        {
          "id": "emmaboda-kommun",
          "namn": "Emmaboda kommun"
        },
        {
          "id": "hultsfreds-kommun",
          "namn": "Hultsfreds kommun"
        },
        {
          "id": "hogsby-kommun",
          "namn": "Högsby kommun"
        },
        {
          "id": "kalmar-kommun",
          "namn": "Kalmar kommun"
        },
        {
          "id": "monsteras-kommun",
          "namn": "Mönsterås kommun"
        },
        {
          "id": "morbylanga-kommun",
          "namn": "Mörbylånga kommun"
        },
        {
          "id": "nybro-kommun",
          "namn": "Nybro kommun"
        },
        {
          "id": "oskarshamns-kommun",
          "namn": "Oskarshamns kommun"
        },
        {
          "id": "torsas-kommun",
          "namn": "Torsås kommun"
        },
        {
          "id": "vimmerby-kommun",
          "namn": "Vimmerby kommun"
        },
        {
          "id": "vasterviks-kommun",
          "namn": "Västerviks kommun"
        }
      ]
    },
    {
      "id": "kronobergs-lan",
      "namn": "Kronobergs län",
      "kommuner": [
        {
          "id": "alvesta-kommun",
          "namn": "Alvesta kommun"
        },
        {
          "id": "lessebo-kommun",
          "namn": "Lessebo kommun"
        },
        {
          "id": "ljungby-kommun",
          "namn": "Ljungby kommun"
        },
        {
          "id": "markaryds-kommun",
          "namn": "Markaryds kommun"
        },
        {
          "id": "tingsryds-kommun",
          "namn": "Tingsryds kommun"
        },
        {
          "id": "uppvidinge-kommun",
          "namn": "Uppvidinge kommun"
        },
        {
          "id": "vaxjo-kommun",
          "namn": "Växjö kommun"
        },
        {
          "id": "almhults-kommun",
          "namn": "Älmhults kommun"
        }
      ]
    },
    {
      "id": "norrbottens-lan",
      "namn": "Norrbottens län",
      "kommuner": [
        {
          "id": "arjeplogs-kommun",
          "namn": "Arjeplogs kommun"
        },
        {
          "id": "arvidsjaurs-kommun",
          "namn": "Arvidsjaurs kommun"
        },
        {
          "id": "bodens-kommun",
          "namn": "Bodens kommun"
        },
        {
          "id": "gallivare-kommun",
          "namn": "Gällivare kommun"
        },
        {
          "id": "haparanda-kommun",
          "namn": "Haparanda kommun"
        },
        {
          "id": "jokkmokks-kommun",
          "namn": "Jokkmokks kommun"
        },
        {
          "id": "kalix-kommun",
          "namn": "Kalix kommun"
        },
        {
          "id": "kiruna-kommun",
          "namn": "Kiruna kommun"
        },
        {
          "id": "lulea-kommun",
          "namn": "Luleå kommun"
        },
        {
          "id": "pajala-kommun",
          "namn": "Pajala kommun"
        },
        {
          "id": "pitea-kommun",
          "namn": "Piteå kommun"
        },
        {
          "id": "alvsbyns-kommun",
          "namn": "Älvsbyns kommun"
        },
        {
          "id": "overkalix-kommun",
          "namn": "Överkalix kommun"
        },
        {
          "id": "overtornea-kommun",
          "namn": "Övertorneå kommun"
        }
      ]
    },
    {
      "id": "skane-lan",
      "namn": "Skåne län",
      "kommuner": [
        {
          "id": "bjuvs-kommun",
          "namn": "Bjuvs kommun"
        },
        {
          "id": "bromolla-kommun",
          "namn": "Bromölla kommun"
        },
        {
          "id": "burlovs-kommun",
          "namn": "Burlövs kommun"
        },
        {
          "id": "bastads-kommun",
          "namn": "Båstads kommun"
        },
        {
          "id": "eslovs-kommun",
          "namn": "Eslövs kommun"
        },
        {
          "id": "helsingborgs-kommun",
          "namn": "Helsingborgs kommun"
        },
        {
          "id": "hassleholms-kommun",
          "namn": "Hässleholms kommun"
        },
        {
          "id": "hoganas-kommun",
          "namn": "Höganäs kommun"
        },
        {
          "id": "horby-kommun",
          "namn": "Hörby kommun"
        },
        {
          "id": "hoors-kommun",
          "namn": "Höörs kommun"
        },
        {
          "id": "klippans-kommun",
          "namn": "Klippans kommun"
        },
        {
          "id": "kristianstads-kommun",
          "namn": "Kristianstads kommun"
        },
        {
          "id": "kavlinge-kommun",
          "namn": "Kävlinge kommun"
        },
        {
          "id": "landskrona-kommun",
          "namn": "Landskrona kommun"
        },
        {
          "id": "lomma-kommun",
          "namn": "Lomma kommun"
        },
        {
          "id": "lunds-kommun",
          "namn": "Lunds kommun"
        },
        {
          "id": "malmo-kommun",
          "namn": "Malmö kommun"
        },
        {
          "id": "osby-kommun",
          "namn": "Osby kommun"
        },
        {
          "id": "perstorps-kommun",
          "namn": "Perstorps kommun"
        },
        {
          "id": "simrishamns-kommun",
          "namn": "Simrishamns kommun"
        },
        {
          "id": "sjobo-kommun",
          "namn": "Sjöbo kommun"
        },
        {
          "id": "skurups-kommun",
          "namn": "Skurups kommun"
        },
        {
          "id": "staffanstorps-kommun",
          "namn": "Staffanstorps kommun"
        },
        {
          "id": "svalovs-kommun",
          "namn": "Svalövs kommun"
        },
        {
          "id": "svedala-kommun",
          "namn": "Svedala kommun"
        },
        {
          "id": "tomelilla-kommun",
          "namn": "Tomelilla kommun"
        },
        {
          "id": "trelleborgs-kommun",
          "namn": "Trelleborgs kommun"
        },
        {
          "id": "vellinge-kommun",
          "namn": "Vellinge kommun"
        },
        {
          "id": "ystads-kommun",
          "namn": "Ystads kommun"
        },
        {
          "id": "astorps-kommun",
          "namn": "Åstorps kommun"
        },
        {
          "id": "angelholms-kommun",
          "namn": "Ängelholms kommun"
        },
        {
          "id": "orkelljunga-kommun",
          "namn": "Örkelljunga kommun"
        },
        {
          "id": "ostra-goinge-kommun",
          "namn": "Östra Göinge kommun"
        }
      ]
    },
    {
      "id": "stockholms-lan",
      "namn": "Stockholms län",
      "kommuner": [
        {
          "id": "botkyrka-kommun",
          "namn": "Botkyrka kommun"
        },
        {
          "id": "danderyds-kommun",
          "namn": "Danderyds kommun"
        },
        {
          "id": "ekero-kommun",
          "namn": "Ekerö kommun"
        },
        {
          "id": "haninge-kommun",
          "namn": "Haninge kommun"
        },
        {
          "id": "huddinge-kommun",
          "namn": "Huddinge kommun"
        },
        {
          "id": "jarfalla-kommun",
          "namn": "Järfälla kommun"
        },
        {
          "id": "lidingo-kommun",
          "namn": "Lidingö kommun"
        },
        {
          "id": "nacka-kommun",
          "namn": "Nacka kommun"
        },
        {
          "id": "norrtalje-kommun",
          "namn": "Norrtälje kommun"
        },
        {
          "id": "nykvarns-kommun",
          "namn": "Nykvarns kommun"
        },
        {
          "id": "nynashamns-kommun",
          "namn": "Nynäshamns kommun"
        },
        {
          "id": "salem-kommun",
          "namn": "Salem kommun"
        },
        {
          "id": "sigtuna-kommun",
          "namn": "Sigtuna kommun"
        },
        {
          "id": "sollentuna-kommun",
          "namn": "Sollentuna kommun"
        },
        {
          "id": "solna-kommun",
          "namn": "Solna kommun"
        },
        {
          "id": "stockholms-kommun",
          "namn": "Stockholms kommun"
        },
        {
          "id": "sundbybergs-kommun",
          "namn": "Sundbybergs kommun"
        },
        {
          "id": "sodertalje-kommun",
          "namn": "Södertälje kommun"
        },
        {
          "id": "tyreso-kommun",
          "namn": "Tyresö kommun"
        },
        {
          "id": "taby-kommun",
          "namn": "Täby kommun"
        },
        {
          "id": "upplands-vasby-kommun",
          "namn": "Upplands Väsby kommun"
        },
        {
          "id": "upplands-bro-kommun",
          "namn": "Upplands-Bro kommun"
        },
        {
          "id": "vallentuna-kommun",
          "namn": "Vallentuna kommun"
        },
        {
          "id": "vaxholms-kommun",
          "namn": "Vaxholms kommun"
        },
        {
          "id": "varmdo-kommun",
          "namn": "Värmdö kommun"
        },
        {
          "id": "osterakers-kommun",
          "namn": "Österåkers kommun"
        }
      ]
    },
    {
      "id": "sodermanlands-lan",
      "namn": "Södermanlands län",
      "kommuner": [
        {
          "id": "eskilstuna-kommun",
          "namn": "Eskilstuna kommun"
        },
        {
          "id": "flens-kommun",
          "namn": "Flens kommun"
        },
        {
          "id": "gnesta-kommun",
          "namn": "Gnesta kommun"
        },
        {
          "id": "katrineholms-kommun",
          "namn": "Katrineholms kommun"
        },
        {
          "id": "nykopings-kommun",
          "namn": "Nyköpings kommun"
        },
        {
          "id": "oxelosunds-kommun",
          "namn": "Oxelösunds kommun"
        },
        {
          "id": "strangnas-kommun",
          "namn": "Strängnäs kommun"
        },
        {
          "id": "trosa-kommun",
          "namn": "Trosa kommun"
        },
        {
          "id": "vingakers-kommun",
          "namn": "Vingåkers kommun"
        }
      ]
    },
    {
      "id": "uppsala-lan",
      "namn": "Uppsala län",
      "kommuner": [
        {
          "id": "enkopings-kommun",
          "namn": "Enköpings kommun"
        },
        {
          "id": "heby-kommun",
          "namn": "Heby kommun"
        },
        {
          "id": "haabo-kommun",
          "namn": "Håbo kommun"
        },
        {
          "id": "knivsta-kommun",
          "namn": "Knivsta kommun"
        },
        {
          "id": "tierps-kommun",
          "namn": "Tierps kommun"
        },
        {
          "id": "uppsala-kommun",
          "namn": "Uppsala kommun"
        },
        {
          "id": "alvkarleby-kommun",
          "namn": "Älvkarleby kommun"
        },
        {
          "id": "osthammars-kommun",
          "namn": "Östhammars kommun"
        }
      ]
    },
    {
      "id": "varmlands-lan",
      "namn": "Värmlands län",
      "kommuner": [
        {
          "id": "arvika-kommun",
          "namn": "Arvika kommun"
        },
        {
          "id": "eda-kommun",
          "namn": "Eda kommun"
        },
        {
          "id": "filipstads-kommun",
          "namn": "Filipstads kommun"
        },
        {
          "id": "forshaga-kommun",
          "namn": "Forshaga kommun"
        },
        {
          "id": "grums-kommun",
          "namn": "Grums kommun"
        },
        {
          "id": "hagfors-kommun",
          "namn": "Hagfors kommun"
        },
        {
          "id": "hammaro-kommun",
          "namn": "Hammarö kommun"
        },
        {
          "id": "karlstads-kommun",
          "namn": "Karlstads kommun"
        },
        {
          "id": "kils-kommun",
          "namn": "Kils kommun"
        },
        {
          "id": "kristinehamns-kommun",
          "namn": "Kristinehamns kommun"
        },
        {
          "id": "munkfors-kommun",
          "namn": "Munkfors kommun"
        },
        {
          "id": "storfors-kommun",
          "namn": "Storfors kommun"
        },
        {
          "id": "sunne-kommun",
          "namn": "Sunne kommun"
        },
        {
          "id": "saffle-kommun",
          "namn": "Säffle kommun"
        },
        {
          "id": "torsby-kommun",
          "namn": "Torsby kommun"
        },
        {
          "id": "arjangs-kommun",
          "namn": "Årjängs kommun"
        }
      ]
    },
    {
      "id": "vasterbottens-lan",
      "namn": "Västerbottens län",
      "kommuner": [
        {
          "id": "bjurholms-kommun",
          "namn": "Bjurholms kommun"
        },
        {
          "id": "dorotea-kommun",
          "namn": "Dorotea kommun"
        },
        {
          "id": "lycksele-kommun",
          "namn": "Lycksele kommun"
        },
        {
          "id": "mala-kommun",
          "namn": "Malå kommun"
        },
        {
          "id": "nordmalings-kommun",
          "namn": "Nordmalings kommun"
        },
        {
          "id": "norsjo-kommun",
          "namn": "Norsjö kommun"
        },
        {
          "id": "robertsfors-kommun",
          "namn": "Robertsfors kommun"
        },
        {
          "id": "skelleftea-kommun",
          "namn": "Skellefteå kommun"
        },
        {
          "id": "sorsele-kommun",
          "namn": "Sorsele kommun"
        },
        {
          "id": "storumans-kommun",
          "namn": "Storumans kommun"
        },
        {
          "id": "umea-kommun",
          "namn": "Umeå kommun"
        },
        {
          "id": "vilhelmina-kommun",
          "namn": "Vilhelmina kommun"
        },
        {
          "id": "vindelns-kommun",
          "namn": "Vindelns kommun"
        },
        {
          "id": "vannas-kommun",
          "namn": "Vännäs kommun"
        },
        {
          "id": "asele-kommun",
          "namn": "Åsele kommun"
        }
      ]
    },
    {
      "id": "vasternorrlands-lan",
      "namn": "Västernorrlands län",
      "kommuner": [
        {
          "id": "harnosands-kommun",
          "namn": "Härnösands kommun"
        },
        {
          "id": "kramfors-kommun",
          "namn": "Kramfors kommun"
        },
        {
          "id": "solleftea-kommun",
          "namn": "Sollefteå kommun"
        },
        {
          "id": "sundsvalls-kommun",
          "namn": "Sundsvalls kommun"
        },
        {
          "id": "timra-kommun",
          "namn": "Timrå kommun"
        },
        {
          "id": "ange-kommun",
          "namn": "Ånge kommun"
        },
        {
          "id": "ornskoldsviks-kommun",
          "namn": "Örnsköldsviks kommun"
        }
      ]
    },
    {
      "id": "vastmanlands-lan",
      "namn": "Västmanlands län",
      "kommuner": [
        {
          "id": "arboga-kommun",
          "namn": "Arboga kommun"
        },
        {
          "id": "fagersta-kommun",
          "namn": "Fagersta kommun"
        },
        {
          "id": "hallstahammars-kommun",
          "namn": "Hallstahammars kommun"
        },
        {
          "id": "kungsors-kommun",
          "namn": "Kungsörs kommun"
        },
        {
          "id": "kopings-kommun",
          "namn": "Köpings kommun"
        },
        {
          "id": "norbergs-kommun",
          "namn": "Norbergs kommun"
        },
        {
          "id": "sala-kommun",
          "namn": "Sala kommun"
        },
        {
          "id": "skinnskattebergs-kommun",
          "namn": "Skinnskattebergs kommun"
        },
        {
          "id": "surahammars-kommun",
          "namn": "Surahammars kommun"
        },
        {
          "id": "vasteras-kommun",
          "namn": "Västerås kommun"
        }
      ]
    },
    {
      "id": "vastra-gotalands-lan",
      "namn": "Västra Götalands län",
      "kommuner": [
        {
          "id": "ale-kommun",
          "namn": "Ale kommun"
        },
        {
          "id": "alingsas-kommun",
          "namn": "Alingsås kommun"
        },
        {
          "id": "bengtsfors-kommun",
          "namn": "Bengtsfors kommun"
        },
        {
          "id": "bollebygds-kommun",
          "namn": "Bollebygds kommun"
        },
        {
          "id": "boras-kommun",
          "namn": "Borås kommun"
        },
        {
          "id": "dals-eds-kommun",
          "namn": "Dals-Eds kommun"
        },
        {
          "id": "essunga-kommun",
          "namn": "Essunga kommun"
        },
        {
          "id": "falkopings-kommun",
          "namn": "Falköpings kommun"
        },
        {
          "id": "fargelanda-kommun",
          "namn": "Färgelanda kommun"
        },
        {
          "id": "grastorps-kommun",
          "namn": "Grästorps kommun"
        },
        {
          "id": "gullspangs-kommun",
          "namn": "Gullspångs kommun"
        },
        {
          "id": "goteborgs-stad",
          "namn": "Göteborgs Stad"
        },
        {
          "id": "gotene-kommun",
          "namn": "Götene kommun"
        },
        {
          "id": "herrljunga-kommun",
          "namn": "Herrljunga kommun"
        },
        {
          "id": "hjo-kommun",
          "namn": "Hjo kommun"
        },
        {
          "id": "harryda-kommun",
          "namn": "Härryda kommun"
        },
        {
          "id": "karlsborgs-kommun",
          "namn": "Karlsborgs kommun"
        },
        {
          "id": "kungalvs-kommun",
          "namn": "Kungälvs kommun"
        },
        {
          "id": "lerums-kommun",
          "namn": "Lerums kommun"
        },
        {
          "id": "lidkopings-kommun",
          "namn": "Lidköpings kommun"
        },
        {
          "id": "lilla-edets-kommun",
          "namn": "Lilla Edets kommun"
        },
        {
          "id": "lysekils-kommun",
          "namn": "Lysekils kommun"
        },
        {
          "id": "mariestads-kommun",
          "namn": "Mariestads kommun"
        },
        {
          "id": "marks-kommun",
          "namn": "Marks kommun"
        },
        {
          "id": "melleruds-kommun",
          "namn": "Melleruds kommun"
        },
        {
          "id": "munkedals-kommun",
          "namn": "Munkedals kommun"
        },
        {
          "id": "molndals-kommun",
          "namn": "Mölndals kommun"
        },
        {
          "id": "orust-kommun",
          "namn": "Orust kommun"
        },
        {
          "id": "partille-kommun",
          "namn": "Partille kommun"
        },
        {
          "id": "skara-kommun",
          "namn": "Skara kommun"
        },
        {
          "id": "skovde-kommun",
          "namn": "Skövde kommun"
        },
        {
          "id": "sotenas-kommun",
          "namn": "Sotenäs kommun"
        },
        {
          "id": "stenungsunds-kommun",
          "namn": "Stenungsunds kommun"
        },
        {
          "id": "stromstads-kommun",
          "namn": "Strömstads kommun"
        },
        {
          "id": "svenljunga-kommun",
          "namn": "Svenljunga kommun"
        },
        {
          "id": "tanums-kommun",
          "namn": "Tanums kommun"
        },
        {
          "id": "tibro-kommun",
          "namn": "Tibro kommun"
        },
        {
          "id": "tidaholms-kommun",
          "namn": "Tidaholms kommun"
        },
        {
          "id": "tjorns-kommun",
          "namn": "Tjörns kommun"
        },
        {
          "id": "tranemo-kommun",
          "namn": "Tranemo kommun"
        },
        {
          "id": "trollhattans-kommun",
          "namn": "Trollhättans kommun"
        },
        {
          "id": "toreboda-kommun",
          "namn": "Töreboda kommun"
        },
        {
          "id": "uddevalla-kommun",
          "namn": "Uddevalla kommun"
        },
        {
          "id": "ulricehamns-kommun",
          "namn": "Ulricehamns kommun"
        },
        {
          "id": "vara-kommun",
          "namn": "Vara kommun"
        },
        {
          "id": "vargarda-kommun",
          "namn": "Vårgårda kommun"
        },
        {
          "id": "vanersborgs-kommun",
          "namn": "Vänersborgs kommun"
        },
        {
          "id": "amals-kommun",
          "namn": "Åmåls kommun"
        },
        {
          "id": "ockero-kommun",
          "namn": "Öckerö kommun"
        }
      ]
    },
    {
      "id": "orebro-lan",
      "namn": "Örebro län",
      "kommuner": [
        {
          "id": "askersunds-kommun",
          "namn": "Askersunds kommun"
        },
        {
          "id": "degerfors-kommun",
          "namn": "Degerfors kommun"
        },
        {
          "id": "hallsbergs-kommun",
          "namn": "Hallsbergs kommun"
        },
        {
          "id": "hallefors-kommun",
          "namn": "Hällefors kommun"
        },
        {
          "id": "karlskoga-kommun",
          "namn": "Karlskoga kommun"
        },
        {
          "id": "kumla-kommun",
          "namn": "Kumla kommun"
        },
        {
          "id": "laxa-kommun",
          "namn": "Laxå kommun"
        },
        {
          "id": "lekebergs-kommun",
          "namn": "Lekebergs kommun"
        },
        {
          "id": "lindesbergs-kommun",
          "namn": "Lindesbergs kommun"
        },
        {
          "id": "ljusnarsbergs-kommun",
          "namn": "Ljusnarsbergs kommun"
        },
        {
          "id": "nora-kommun",
          "namn": "Nora kommun"
        },
        {
          "id": "orebro-kommun",
          "namn": "Örebro kommun"
        }
      ]
    },
    {
      "id": "ostergotlands-lan",
      "namn": "Östergötlands län",
      "kommuner": [
        {
          "id": "boxholms-kommun",
          "namn": "Boxholms kommun"
        },
        {
          "id": "finspangs-kommun",
          "namn": "Finspångs kommun"
        },
        {
          "id": "kinda-kommun",
          "namn": "Kinda kommun"
        },
        {
          "id": "linkopings-kommun",
          "namn": "Linköpings kommun"
        },
        {
          "id": "mjolby-kommun",
          "namn": "Mjölby kommun"
        },
        {
          "id": "motala-kommun",
          "namn": "Motala kommun"
        },
        {
          "id": "norrkopings-kommun",
          "namn": "Norrköpings kommun"
        },
        {
          "id": "soderkopings-kommun",
          "namn": "Söderköpings kommun"
        },
        {
          "id": "vadstena-kommun",
          "namn": "Vadstena kommun"
        },
        {
          "id": "valdemarsviks-kommun",
          "namn": "Valdemarsviks kommun"
        },
        {
          "id": "ydre-kommun",
          "namn": "Ydre kommun"
        },
        {
          "id": "atvidabergs-kommun",
          "namn": "Åtvidabergs kommun"
        },
        {
          "id": "odeshogs-kommun",
          "namn": "Ödeshögs kommun"
        }
      ]
    },
    {
      "id": "utomlands",
      "namn": "Utomlands",
      "kommuner": [
        {
          "id": "utomlands",
          "namn": "Utomlands"
        }
      ]
    }
  ]
}